1,2,3,4,5,6,7,8,9,10,11,12,13,14,15,16,17,18,19,20,21,22,23,24,25,26,27,28,29,30,31,32,33,34,35,36,37,38,39,40,41,42,43,44,45,46,TheLeague,TheLeagueName,TheSeason,TheTeam
:,D,D,.,.,.,:,.,.,:,.,.,.,.,.,.,.,.,:,.,D,.,:,:,D,.,D,.,.,.,.,:,:,.,D,:,:,:,,,,,,,,,E2,League1,1819,AFC Wimbledon
.,:,D,:,D,D,D,D,:,:,:,.,:,:,.,D,D,.,.,.,.,:,:,.,.,D,.,D,.,D,:,D,.,.,.,:,,,,,,,,,,,E2,League1,1819,Accrington
:,:,D,:,D,:,D,.,:,D,:,:,.,.,:,:,:,D,.,.,D,:,:,:,D,:,:,:,D,:,:,:,D,D,:,:,D,D,,,,,,,,,E2,League1,1819,Barnsley
D,.,D,:,D,D,:,:,D,D,D,:,:,.,.,:,:,:,.,:,.,.,.,D,.,:,D,:,D,:,D,D,.,.,:,D,D,.,,,,,,,,,E2,League1,1819,Blackpool
:,.,.,:,.,.,.,.,.,D,:,.,.,.,.,.,.,D,:,.,D,:,:,.,:,:,.,.,D,:,D,.,D,.,.,:,.,.,,,,,,,,,E2,League1,1819,Bradford
.,.,:,.,.,D,D,.,:,D,D,.,.,D,:,.,:,.,.,.,.,.,:,:,:,D,D,.,D,:,D,D,.,:,:,:,D,,,,,,,,,,E2,League1,1819,Bristol Rvs
.,.,:,.,.,:,D,:,D,.,.,:,:,D,.,:,:,.,.,:,.,.,:,D,D,:,.,D,D,D,:,D,D,.,D,:,.,:,,,,,,,,,E2,League1,1819,Burton
.,:,D,.,D,:,:,:,:,D,.,.,:,D,.,:,:,:,:,.,:,:,:,.,.,:,D,:,:,D,.,D,D,:,D,:,:,D,,,,,,,,,E2,League1,1819,Charlton
.,D,:,.,D,.,:,:,.,D,.,:,:,:,:,:,D,.,D,.,.,.,.,:,:,:,.,D,.,.,D,:,:,D,:,.,:,:,,,,,,,,,E2,League1,1819,Coventry
:,:,.,D,D,D,:,:,:,:,.,.,:,D,.,.,.,:,D,:,:,:,D,.,:,:,.,D,D,:,:,D,.,D,.,D,D,,,,,,,,,,E2,League1,1819,Doncaster
.,:,D,:,D,:,D,D,.,.,D,:,:,.,.,:,.,D,.,:,.,:,.,:,.,D,D,D,:,.,:,:,.,:,D,.,.,:,,,,,,,,,E2,League1,1819,Fleetwood Town
:,:,.,.,D,.,.,.,.,D,:,.,D,.,:,:,.,.,.,:,:,D,.,:,.,.,:,.,D,D,.,:,.,:,D,:,.,D,,,,,,,,,E2,League1,1819,Gillingham
.,D,.,:,:,D,.,:,D,D,:,:,.,:,:,:,D,:,:,:,:,:,:,:,D,D,D,:,:,:,:,:,:,D,:,D,:,D,,,,,,,,,E2,League1,1819,Luton
.,.,.,.,:,D,.,D,.,.,.,D,:,D,D,:,D,:,.,:,D,:,D,.,.,.,D,:,D,D,D,.,.,:,:,.,D,:,,,,,,,,,E2,League1,1819,Oxford
:,:,:,:,:,D,:,.,:,D,D,.,:,.,:,:,.,D,D,:,D,D,D,.,:,.,:,.,D,D,.,.,:,.,:,.,.,.,,,,,,,,,E2,League1,1819,Peterboro
.,D,.,D,.,.,D,.,.,.,D,:,.,.,:,:,.,.,:,.,D,:,.,.,D,:,:,:,:,.,:,D,D,:,.,D,:,.,,,,,,,,,E2,League1,1819,Plymouth
:,:,:,:,D,:,D,:,D,:,:,.,:,:,D,D,:,:,:,:,.,D,:,.,:,:,.,.,.,D,D,D,D,D,:,.,:,:,,,,,,,,,E2,League1,1819,Portsmouth
:,.,D,.,.,:,D,:,.,.,D,D,.,:,.,:,D,.,:,.,D,.,:,:,.,.,.,.,D,.,:,.,.,.,.,:,D,,,,,,,,,,E2,League1,1819,Rochdale
:,D,.,.,D,D,D,:,:,D,:,.,.,.,.,.,D,:,.,.,.,.,.,.,:,:,:,:,D,:,.,:,.,D,.,.,:,.,,,,,,,,,E2,League1,1819,Scunthorpe
.,.,D,D,.,D,D,:,.,D,D,:,.,.,:,.,:,:,.,:,.,D,:,.,D,D,.,D,.,.,D,D,:,:,D,.,.,:,,,,,,,,,E2,League1,1819,Shrewsbury
.,D,:,.,:,.,.,.,:,:,:,D,:,.,:,.,.,.,.,:,.,:,.,:,.,:,.,:,.,.,D,.,D,D,.,D,.,.,,,,,,,,,E2,League1,1819,Southend
:,D,:,:,:,D,D,.,:,D,D,:,:,:,:,:,D,D,:,:,.,:,D,:,D,D,D,:,D,D,D,:,:,:,D,D,:,,,,,,,,,,E2,League1,1819,Sunderland
:,D,:,:,:,D,D,.,:,.,D,:,.,.,:,.,.,D,D,.,:,.,D,.,D,.,.,:,.,.,.,.,.,:,D,:,.,.,,,,,,,,,E2,League1,1819,Walsall
D,.,.,D,:,D,.,D,D,.,D,:,.,:,:,.,:,D,:,:,:,D,.,.,.,.,:,:,:,D,D,.,.,.,.,D,.,.,,,,,,,,,E2,League1,1819,Wycombe
D,.,.,:,.,.,D,:,.,.,D,.,:,:,.,.,D,:,D,.,.,:,.,D,:,D,:,:,.,.,.,.,:,D,.,:,D,.,.,D,:,:,D,D,D,D,E2,League1,1718,AFC Wimbledon
.,.,:,:,:,:,.,D,:,:,.,D,:,D,D,:,:,:,:,:,:,D,:,D,D,:,:,D,:,.,D,:,:,:,:,D,:,:,:,:,D,D,:,:,.,:,E2,League1,1718,Blackburn
.,:,D,:,:,D,:,:,.,D,.,D,:,.,.,.,:,D,D,.,.,.,D,.,D,:,.,D,.,D,D,:,D,:,.,:,D,D,.,.,:,:,:,:,D,.,E2,League1,1718,Blackpool
:,:,.,D,:,:,D,:,:,.,:,:,.,D,.,:,.,:,.,:,:,:,.,.,:,:,.,.,.,.,.,D,D,.,.,.,:,.,.,D,:,D,:,.,D,D,E2,League1,1718,Bradford
.,.,:,:,.,:,.,.,:,.,:,:,.,.,.,:,.,.,.,:,:,.,.,D,D,:,D,:,:,.,:,:,.,D,:,D,.,D,:,.,D,D,.,D,D,D,E2,League1,1718,Bristol Rvs
:,.,.,D,.,.,.,D,D,:,.,:,.,.,.,.,D,.,:,D,.,.,.,.,.,.,.,:,D,:,D,D,.,:,D,.,.,.,.,.,.,.,D,D,:,D,E2,League1,1718,Bury
:,.,:,:,:,:,.,.,D,D,:,:,D,:,:,D,:,.,D,.,.,D,.,D,.,:,:,:,.,D,D,:,.,.,.,D,:,:,:,D,.,.,:,:,:,.,E2,League1,1718,Charlton
D,:,D,.,D,.,.,.,:,.,.,:,.,:,.,:,D,D,.,:,.,D,:,:,:,D,D,D,D,.,D,D,.,:,.,D,:,:,D,:,D,.,.,D,D,.,E2,League1,1718,Doncaster
:,:,:,.,D,:,.,.,:,.,:,D,D,.,:,D,.,D,.,D,.,.,.,:,:,.,:,.,.,.,.,.,.,D,D,D,:,:,:,:,.,:,.,.,.,:,E2,League1,1718,Fleetwood Town
D,.,.,D,.,.,D,:,.,D,.,.,:,D,.,:,D,:,D,D,.,:,:,D,D,:,:,:,:,.,D,:,D,D,.,:,.,.,.,D,D,D,.,.,D,:,E2,League1,1718,Gillingham
.,.,:,.,D,:,.,:,:,D,:,.,.,D,D,.,:,D,D,.,D,D,.,.,:,.,D,.,.,.,.,.,D,D,.,:,:,D,:,.,.,.,.,.,.,:,E2,League1,1718,Milton Keynes Dons
.,.,.,.,:,:,D,.,.,D,.,.,.,D,:,:,:,.,.,D,.,:,D,.,.,.,:,:,:,D,.,:,.,D,D,D,.,D,.,.,.,.,:,:,.,D,E2,League1,1718,Northampton
.,.,.,.,.,D,:,.,.,:,:,:,D,D,:,.,:,D,D,.,:,D,.,.,D,.,.,D,.,.,:,D,:,:,D,.,.,:,D,D,D,D,D,.,D,D,E2,League1,1718,Oldham
:,:,.,D,D,:,D,.,.,.,:,:,:,D,D,.,.,:,.,D,:,D,.,D,.,:,:,.,.,:,.,.,.,D,.,:,.,D,.,D,.,:,.,:,:,.,E2,League1,1718,Oxford
:,:,:,:,D,.,:,D,:,.,.,.,D,.,:,D,.,:,.,D,.,:,:,:,.,D,D,:,.,D,D,D,D,:,:,:,.,D,D,:,.,.,.,.,:,.,E2,League1,1718,Peterboro
.,:,D,.,.,.,.,D,.,.,.,.,D,D,:,D,:,.,:,.,:,D,:,:,D,:,:,D,.,:,:,:,:,:,:,D,:,.,:,:,D,.,D,:,.,.,E2,League1,1718,Plymouth
:,.,D,D,.,:,.,:,.,:,.,:,:,.,.,.,:,:,.,:,:,:,.,:,:,.,D,.,.,D,:,.,.,:,.,.,:,:,:,:,D,D,.,.,.,:,E2,League1,1718,Portsmouth
.,D,.,D,D,.,:,.,:,D,D,.,D,D,:,D,.,.,:,.,D,D,.,.,.,.,:,.,D,.,:,:,D,D,.,D,:,:,D,.,:,D,D,D,.,:,E2,League1,1718,Rochdale
.,:,.,.,:,:,:,.,:,.,:,:,:,.,D,.,D,.,.,.,:,D,:,:,:,D,D,:,:,:,:,:,:,:,.,.,:,.,D,.,:,D,:,:,.,:,E2,League1,1718,Rotherham
D,D,:,:,:,D,.,:,:,D,.,.,.,D,:,:,:,:,:,:,.,D,:,:,D,:,D,.,D,.,:,.,D,D,D,.,D,.,D,D,D,:,:,:,:,D,E2,League1,1718,Scunthorpe
:,:,:,D,:,:,:,:,D,:,:,D,D,:,:,.,:,.,.,D,:,:,D,:,:,.,D,:,:,.,:,.,D,:,:,:,D,:,.,:,D,.,D,:,D,.,E2,League1,1718,Shrewsbury
:,.,D,D,D,.,.,D,:,:,:,.,.,D,:,:,.,D,D,:,.,.,.,:,.,.,.,.,:,:,:,D,:,.,D,D,D,:,.,:,.,.,:,:,:,D,E2,League1,1718,Southend
.,:,D,D,:,.,.,D,:,D,.,D,D,D,:,.,.,:,:,:,.,D,D,.,.,:,.,.,:,D,:,D,.,.,:,.,.,.,.,:,D,.,.,:,D,.,E2,League1,1718,Walsall
:,:,:,D,.,:,:,:,.,:,:,:,:,D,:,D,.,:,:,:,:,:,D,D,:,D,:,:,.,.,:,D,D,:,:,:,:,.,:,:,D,:,:,D,D,:,E2,League1,1718,Wigan
.,.,.,D,D,:,.,:,D,D,:,:,D,:,:,.,D,:,D,D,.,:,.,.,D,:,D,.,D,D,.,D,:,:,D,.,:,D,.,:,.,.,D,D,.,D,E2,League1,1617,AFC Wimbledon
:,:,:,:,D,D,D,.,D,.,.,:,:,:,:,:,.,:,:,:,:,.,:,:,D,.,.,D,:,:,D,.,D,D,:,:,:,:,:,D,:,.,.,D,:,:,E2,League1,1617,Bolton
D,:,:,:,D,D,D,D,D,:,:,:,.,D,D,:,:,.,:,.,D,D,D,D,:,:,.,D,:,D,D,.,D,:,D,:,:,D,:,.,:,:,:,.,:,D,E2,League1,1617,Bradford
.,:,.,D,D,D,D,:,:,.,:,:,D,:,.,:,.,D,.,.,:,.,:,:,.,:,.,.,:,D,D,D,D,D,D,:,:,.,:,.,:,:,.,:,.,.,E2,League1,1617,Bristol Rvs
:,.,D,.,D,:,:,:,:,:,.,.,.,.,.,.,.,.,.,.,.,.,D,D,.,.,:,D,D,.,:,D,:,:,:,.,D,:,D,D,.,.,.,D,:,.,E2,League1,1617,Bury
.,D,:,:,D,D,.,D,D,D,.,:,D,D,:,.,:,:,D,D,.,.,:,D,:,D,:,D,D,.,D,.,.,.,.,:,D,D,.,.,.,:,D,:,:,:,E2,League1,1617,Charlton
D,:,:,.,.,.,D,:,.,D,.,.,.,.,.,.,.,.,:,:,.,:,.,.,D,.,:,D,.,.,D,.,D,.,:,.,D,D,.,.,D,:,.,.,.,.,E2,League1,1617,Chesterfield
.,D,D,.,D,.,D,D,.,D,:,.,:,:,D,:,.,.,.,.,.,.,.,D,D,.,.,.,.,.,D,:,.,.,D,.,.,.,:,:,.,:,D,.,:,.,E2,League1,1617,Coventry
D,D,:,.,:,:,D,.,.,.,D,:,:,.,:,.,.,:,:,D,:,D,D,:,:,:,:,:,D,D,D,:,:,:,:,.,:,D,D,.,:,.,:,:,:,D,E2,League1,1617,Fleetwood Town
:,:,D,.,:,.,D,.,:,D,.,.,.,D,D,.,:,:,.,:,.,:,D,.,.,.,D,D,D,D,D,.,D,:,.,:,:,.,.,.,.,D,:,.,.,D,E2,League1,1617,Gillingham
:,D,.,:,:,D,D,.,.,.,.,:,.,:,:,:,.,D,:,.,.,:,:,:,D,D,D,D,:,:,:,D,D,:,:,D,D,.,.,:,:,D,:,.,.,:,E2,League1,1617,Millwall
:,D,.,:,.,.,D,D,:,.,:,.,.,D,.,.,D,D,.,:,:,.,.,:,D,:,:,D,:,.,D,.,:,D,.,D,.,:,D,:,:,D,.,:,.,:,E2,League1,1617,Milton Keynes Dons
D,D,D,D,D,:,:,.,:,:,.,D,.,.,:,:,.,.,.,.,:,.,:,.,.,.,.,.,:,.,:,:,D,.,.,:,:,:,.,D,D,.,.,D,.,D,E2,League1,1617,Northampton
.,D,D,:,D,.,D,D,.,D,.,:,.,:,.,.,D,.,D,D,.,.,.,D,:,.,:,.,:,.,:,:,D,D,:,.,D,:,D,D,.,:,:,.,D,D,E2,League1,1617,Oldham
D,.,.,:,.,:,:,D,D,.,:,.,:,.,D,.,.,:,:,D,D,:,.,D,:,.,:,:,:,.,:,:,.,.,:,.,:,.,D,:,.,D,.,:,:,:,E2,League1,1617,Oxford
:,.,:,.,:,D,D,.,D,D,D,:,.,:,.,:,:,:,.,:,:,D,D,D,.,:,.,.,:,.,:,.,.,:,.,.,.,D,D,:,:,.,.,D,:,.,E2,League1,1617,Peterboro
D,:,:,.,:,.,D,:,.,:,.,:,.,D,D,.,:,.,D,D,.,.,.,:,D,D,.,.,D,.,D,.,D,:,.,:,.,D,:,.,.,.,.,.,:,D,E2,League1,1617,Port Vale
.,D,.,.,D,.,D,:,:,:,:,:,:,.,.,:,.,:,:,.,:,:,:,:,:,.,.,D,D,.,D,.,D,D,.,:,D,:,.,D,:,.,:,:,D,D,E2,League1,1617,Rochdale
:,D,:,:,.,:,:,D,D,:,:,D,:,.,:,:,:,:,:,D,.,:,D,.,D,:,:,:,.,.,D,D,D,.,.,.,.,:,.,:,.,:,:,:,:,:,E2,League1,1617,Scunthorpe
.,D,.,.,:,:,:,:,D,:,D,:,:,D,:,:,:,:,D,.,:,:,:,:,:,:,.,D,.,:,:,D,D,:,D,:,:,:,D,:,:,:,:,:,:,:,E2,League1,1617,Sheffield United
.,D,.,:,.,:,.,.,D,D,D,.,.,.,.,D,:,.,.,D,:,:,.,.,.,D,:,:,D,:,:,.,:,.,:,D,D,.,.,.,.,:,D,D,:,.,E2,League1,1617,Shrewsbury
.,.,:,D,.,D,.,:,.,:,D,.,:,D,:,D,:,:,D,D,:,:,:,D,D,.,:,D,:,.,:,D,:,.,D,.,:,:,:,:,.,.,:,.,.,:,E2,League1,1617,Southend
:,.,D,:,D,.,.,.,:,.,D,.,D,:,.,.,:,.,D,:,.,D,.,.,D,D,:,.,.,.,.,.,D,:,:,.,.,.,.,:,:,D,D,.,.,.,E2,League1,1617,Swindon
:,D,.,.,D,.,D,:,D,.,:,:,D,:,D,D,.,.,D,:,.,D,:,D,.,:,:,D,D,:,.,D,:,.,:,:,D,.,.,.,D,D,:,.,.,.,E2,League1,1617,Walsall
.,:,:,D,.,.,:,D,:,.,.,.,.,.,.,.,.,:,.,D,:,.,:,:,:,:,:,:,:,.,:,D,:,:,:,.,:,D,:,.,:,D,:,D,D,:,E2,League1,1516,Barnsley
D,.,.,.,.,:,.,D,.,:,:,D,D,:,.,.,.,.,.,:,:,:,.,.,.,:,D,D,:,.,D,.,.,D,.,.,.,:,D,:,:,.,.,D,.,.,E2,League1,1516,Blackpool
.,D,.,D,:,:,D,D,.,.,:,:,:,D,D,:,:,:,D,.,:,.,.,:,D,.,:,.,:,:,D,:,.,D,:,:,.,:,:,:,:,D,.,:,:,:,E2,League1,1516,Bradford
:,.,:,:,:,.,:,:,:,D,:,.,.,D,:,:,.,:,:,:,:,D,:,:,:,.,:,.,:,:,.,D,:,D,.,:,:,D,.,D,.,D,D,:,:,D,E2,League1,1516,Burton
D,D,.,D,D,:,:,:,:,:,:,D,D,.,.,:,.,:,.,.,:,.,.,.,.,:,D,.,.,:,:,D,.,:,D,.,D,D,.,D,:,:,.,.,.,:,E2,League1,1516,Bury
:,.,:,D,:,.,D,.,.,.,:,.,:,:,.,:,.,.,.,.,.,.,.,D,:,:,.,.,.,.,D,:,:,D,:,.,D,D,.,:,:,.,D,.,:,.,E2,League1,1516,Chesterfield
D,.,D,.,D,D,:,:,:,:,.,.,.,:,D,.,.,.,.,.,.,.,.,.,D,.,D,.,.,.,D,.,D,:,.,D,.,:,:,D,:,.,D,.,D,.,E2,League1,1516,Colchester
:,:,:,.,D,:,.,:,.,:,:,D,D,D,:,:,:,:,D,D,.,D,:,D,:,D,.,.,.,D,:,.,.,.,.,:,D,.,.,D,.,:,:,.,:,:,E2,League1,1516,Coventry
D,.,.,D,.,.,.,:,D,.,.,:,.,D,.,:,.,.,:,:,.,D,.,.,.,D,D,D,:,D,D,.,.,D,D,.,.,.,.,.,.,.,D,.,:,.,E2,League1,1516,Crewe
D,D,D,.,:,.,.,D,.,D,:,.,:,.,.,:,:,.,:,D,:,D,.,:,:,D,D,.,.,.,.,D,.,.,.,.,.,.,.,D,.,:,D,:,.,D,E2,League1,1516,Doncaster
D,.,:,:,.,D,D,.,.,.,.,.,:,.,:,.,.,:,:,.,D,D,.,:,D,D,.,D,D,:,.,:,:,D,.,.,.,D,D,:,D,D,.,D,.,:,E2,League1,1516,Fleetwood Town
:,D,:,:,D,:,:,.,.,:,D,:,:,:,D,.,:,.,:,D,.,:,:,:,:,.,D,:,.,D,:,.,.,.,D,:,D,:,D,D,.,.,D,.,.,.,E2,League1,1516,Gillingham
:,.,.,D,.,:,:,.,:,D,.,:,D,:,:,D,:,.,:,.,.,.,:,.,:,:,:,D,:,:,.,:,D,D,:,D,:,.,:,D,:,.,:,:,:,:,E2,League1,1516,Millwall
D,:,D,D,D,.,.,D,D,D,D,.,D,:,D,.,:,.,.,.,D,.,D,.,.,.,:,D,D,:,:,D,D,.,:,.,D,:,:,:,.,D,:,:,.,.,E2,League1,1516,Oldham
.,:,.,.,D,.,:,D,:,.,:,:,D,.,:,.,:,:,:,:,D,.,:,.,:,D,.,.,:,.,.,.,.,.,D,.,:,:,:,.,.,:,.,.,:,:,E2,League1,1516,Peterboro
D,D,D,:,.,:,.,.,:,D,:,.,D,.,.,:,:,:,:,.,D,.,.,:,:,.,D,:,.,:,D,D,.,:,D,:,:,.,D,.,.,:,:,:,.,.,E2,League1,1516,Port Vale
:,:,.,D,:,D,.,:,.,:,.,.,D,D,D,D,.,:,.,:,.,:,D,:,.,.,:,.,.,D,D,:,:,.,:,:,:,:,.,D,:,:,D,.,D,:,E2,League1,1516,Rochdale
.,:,.,D,D,.,:,.,.,.,:,:,:,.,:,:,.,.,:,.,D,.,:,D,D,.,:,:,:,:,.,D,D,D,:,D,D,D,:,.,:,:,:,:,:,:,E2,League1,1516,Scunthorpe
.,:,:,:,:,.,.,D,:,D,.,:,D,:,.,.,D,D,.,D,:,:,:,.,D,:,D,D,.,:,.,:,.,.,D,:,.,:,.,:,D,:,:,D,.,.,E2,League1,1516,Sheffield United
.,D,.,D,.,:,:,.,:,.,.,:,.,.,:,.,.,:,D,.,D,.,D,:,.,.,:,.,.,D,:,D,:,:,:,D,D,D,.,.,D,.,:,.,.,.,E2,League1,1516,Shrewsbury
D,.,D,.,D,:,.,:,:,:,.,:,:,.,D,D,D,:,:,D,:,:,.,.,.,D,:,:,:,.,.,:,.,D,.,:,D,.,:,.,D,.,.,.,.,.,E2,League1,1516,Southend
:,D,D,:,.,:,.,.,.,D,.,.,.,.,D,.,:,.,:,:,:,:,.,.,:,:,D,.,.,D,:,:,:,:,D,D,.,.,D,.,.,.,D,:,D,:,E2,League1,1516,Swindon
D,:,:,:,:,.,:,D,D,:,D,:,.,:,D,:,D,.,:,:,:,:,:,.,D,:,D,:,.,D,.,D,D,.,:,:,:,.,.,:,:,D,.,:,:,:,E2,League1,1516,Walsall
.,D,:,.,:,:,.,:,D,D,D,D,:,:,D,:,:,:,.,D,.,:,:,D,:,D,:,D,:,:,D,:,:,D,D,D,:,:,:,:,:,.,D,:,:,.,E2,League1,1516,Wigan
.,:,D,:,D,.,D,.,.,:,:,.,.,D,:,:,.,.,D,.,:,.,:,.,.,:,:,.,.,.,:,:,:,:,:,:,D,D,D,.,.,D,D,D,.,:,E2,League1,1415,Barnsley
:,D,:,.,:,.,.,:,D,D,:,.,.,D,.,.,:,D,:,:,D,:,:,.,.,D,D,:,:,D,.,.,:,D,D,D,:,.,:,.,.,.,D,D,:,:,E2,League1,1415,Bradford
:,:,D,D,:,:,:,:,D,:,D,:,:,D,D,:,.,.,:,:,.,:,:,:,:,:,D,:,.,:,.,:,:,:,:,:,D,:,D,D,:,D,:,D,:,:,E2,League1,1415,Bristol City
:,:,.,D,:,:,D,.,D,:,.,D,.,.,.,D,D,:,D,.,:,:,D,:,.,:,D,:,.,.,.,.,:,:,.,:,.,:,:,:,:,D,:,D,.,D,E2,League1,1415,Chesterfield
D,.,.,.,.,D,:,.,D,:,.,:,D,:,D,.,.,.,.,.,:,.,D,:,.,:,D,.,.,:,.,:,.,.,.,.,:,D,:,:,.,.,D,:,D,:,E2,League1,1415,Colchester
.,:,D,D,D,:,:,.,.,.,D,.,.,.,:,D,.,:,D,:,D,.,D,:,.,.,D,D,.,D,D,:,.,.,D,:,:,.,:,.,D,:,D,D,.,:,E2,League1,1415,Coventry
:,:,.,.,.,.,:,D,.,:,D,.,.,:,D,D,D,D,D,.,.,.,D,D,.,.,.,:,.,.,:,:,D,.,.,:,:,:,.,D,:,.,.,:,.,.,E2,League1,1415,Crawley Town
.,.,.,.,.,:,D,.,.,.,.,:,:,:,.,D,D,.,D,.,:,:,D,:,.,:,.,:,:,:,.,.,D,.,:,.,.,.,:,D,.,D,D,D,:,.,E2,League1,1415,Crewe
:,.,D,:,.,.,D,:,.,:,.,.,D,:,.,:,D,D,.,:,:,D,D,:,D,D,.,:,:,:,.,.,:,D,D,.,.,:,.,.,D,:,D,.,.,:,E2,League1,1415,Doncaster
:,:,:,D,D,.,.,D,D,.,:,.,:,.,.,:,:,.,.,D,D,.,:,D,:,.,:,.,D,:,.,:,.,D,:,:,.,D,D,:,:,.,.,D,.,:,E2,League1,1415,Fleetwood Town
.,:,D,.,:,.,D,:,D,.,.,.,D,.,D,.,:,D,D,:,.,:,.,.,.,:,:,D,:,:,:,D,.,:,D,D,.,D,:,.,D,:,D,:,.,:,E2,League1,1415,Gillingham
.,:,D,D,D,.,D,:,.,.,D,D,:,.,.,D,.,:,.,.,.,:,:,.,D,.,.,.,:,.,:,:,.,.,:,D,.,:,:,D,D,.,.,.,D,D,E2,League1,1415,Leyton Orient
:,.,:,D,:,:,.,:,.,:,D,:,D,:,:,D,:,:,D,:,:,.,D,:,:,D,:,D,.,.,:,:,.,.,.,D,:,:,:,:,D,:,:,:,:,:,E2,League1,1415,Milton Keynes Dons
D,.,:,:,.,D,D,D,D,:,:,:,:,:,.,:,.,D,.,D,.,.,.,:,D,.,.,.,:,.,.,.,:,.,D,.,.,D,D,D,D,D,.,.,:,.,E2,League1,1415,Notts County
D,.,D,.,:,:,D,D,D,:,D,:,D,:,:,.,D,D,:,.,.,.,D,:,.,:,.,:,:,.,.,.,:,.,.,.,:,:,.,D,.,D,D,D,.,D,E2,League1,1415,Oldham
:,:,.,:,:,:,D,.,.,:,D,:,:,.,.,.,D,.,.,:,.,.,D,.,.,:,:,D,.,:,.,.,:,:,:,:,.,:,.,.,D,.,D,D,:,D,E2,League1,1415,Peterboro
D,:,D,.,.,.,.,.,:,D,.,:,.,D,:,:,:,.,D,.,:,:,.,:,.,:,.,.,D,.,:,:,:,.,:,.,.,.,.,.,.,D,D,D,:,.,E2,League1,1415,Port Vale
D,:,D,:,D,.,D,:,:,:,:,:,:,:,.,.,.,:,:,D,:,:,D,.,D,D,.,:,:,:,:,:,D,:,:,:,D,D,:,:,D,D,D,:,:,.,E2,League1,1415,Preston
.,.,:,D,.,:,.,:,:,:,.,D,:,:,:,.,.,D,.,:,D,.,.,:,:,D,.,.,:,.,.,:,:,.,:,:,.,:,.,:,D,.,.,:,.,.,E2,League1,1415,Rochdale
.,.,.,D,:,.,.,:,.,.,.,:,D,D,.,:,D,:,:,D,:,:,.,D,:,.,D,:,:,.,.,D,D,.,D,.,.,D,:,.,:,D,D,D,:,.,E2,League1,1415,Scunthorpe
.,.,:,:,D,:,:,.,:,.,D,:,:,:,.,:,D,D,.,D,D,.,:,.,:,.,:,:,:,D,:,D,.,.,D,D,:,:,.,:,:,D,.,D,D,D,E2,League1,1415,Sheffield United
:,.,D,:,D,:,D,:,:,:,D,.,D,:,.,:,:,:,:,:,.,:,:,D,:,:,.,:,.,.,.,:,D,.,:,:,:,.,.,:,:,.,D,.,D,D,E2,League1,1415,Swindon
D,D,.,D,.,D,:,.,D,:,D,.,.,.,:,:,D,:,D,:,D,.,:,.,.,:,D,:,:,.,D,.,.,:,.,D,D,.,D,D,:,:,D,D,:,.,E2,League1,1415,Walsall
.,.,:,D,D,:,.,D,:,.,.,.,D,.,.,D,.,:,.,:,.,.,.,.,:,D,D,.,:,.,.,D,D,.,:,.,.,.,.,.,.,D,:,:,.,.,E2,League1,1415,Yeovil
D,:,.,:,D,:,D,:,:,:,.,.,D,.,D,D,:,D,D,D,.,.,D,.,D,D,D,.,D,.,:,:,.,.,:,D,.,.,:,D,.,D,:,.,:,:,E2,League1,1314,Bradford
D,:,D,:,D,.,:,.,:,.,.,:,:,:,:,:,D,:,:,:,:,:,:,:,:,D,:,:,D,:,.,D,:,:,:,:,.,D,D,:,:,.,:,D,.,:,E2,League1,1314,Brentford
D,.,.,D,D,.,D,.,D,D,.,.,:,D,:,D,.,D,.,.,D,:,:,D,D,.,.,:,.,D,:,D,.,:,:,:,D,D,:,.,D,:,:,:,D,D,E2,League1,1314,Bristol City
.,.,.,D,D,.,:,:,:,D,.,:,.,.,D,D,D,:,.,:,.,.,:,.,.,.,:,.,.,:,:,.,D,.,.,D,.,D,D,:,.,D,.,.,D,.,E2,League1,1314,Carlisle
:,:,D,D,.,.,D,D,D,.,D,.,D,:,D,.,D,:,.,.,:,:,.,D,:,:,.,D,.,.,.,D,:,.,.,:,D,.,.,.,.,:,.,D,:,:,E2,League1,1314,Colchester
.,:,:,D,D,:,:,.,.,:,:,D,:,:,:,D,.,.,:,D,.,:,D,:,D,D,.,:,.,.,.,D,:,.,.,D,.,:,:,D,.,.,.,D,D,.,E2,League1,1314,Coventry
:,D,.,.,:,:,D,D,:,D,:,.,.,.,.,D,D,D,.,D,:,.,:,D,D,:,D,:,D,.,D,:,:,.,.,.,.,.,.,:,:,:,.,.,D,D,E2,League1,1314,Crawley Town
D,.,:,.,.,D,.,D,.,.,:,:,.,.,D,.,.,.,:,D,D,.,:,:,.,.,:,.,:,D,.,:,.,D,.,D,D,:,.,.,:,.,:,D,D,:,E2,League1,1314,Crewe
.,.,D,D,D,.,.,.,:,:,.,.,:,.,:,:,.,:,.,.,D,:,.,D,:,.,:,.,:,.,:,.,.,.,:,:,D,.,:,.,.,.,:,D,.,D,E2,League1,1314,Gillingham
:,:,:,:,:,:,:,:,D,D,:,:,.,:,:,.,:,D,D,D,.,:,D,:,:,:,:,.,.,.,D,:,:,:,D,:,.,D,D,.,D,:,.,.,:,:,E2,League1,1314,Leyton Orient
D,:,D,D,:,D,:,.,:,.,.,:,.,.,:,.,.,.,:,:,:,.,D,:,D,.,.,.,:,:,D,.,:,.,:,:,.,:,.,.,:,.,.,D,D,.,E2,League1,1314,Milton Keynes Dons
.,.,D,.,.,.,.,:,.,:,.,.,.,:,.,.,.,D,.,:,:,D,.,.,:,:,:,.,.,.,:,.,.,.,D,.,.,:,:,:,.,:,.,:,:,D,E2,League1,1314,Notts County
:,.,.,:,.,.,.,D,.,D,:,.,:,.,D,:,:,D,.,.,D,D,.,:,.,.,:,.,:,D,.,:,.,D,.,.,D,:,D,D,:,:,D,:,D,D,E2,League1,1314,Oldham
:,:,:,:,.,D,:,:,:,:,:,:,D,.,.,.,.,.,:,D,:,.,.,.,.,:,:,.,:,D,:,.,.,:,.,:,.,.,:,.,:,:,.,:,:,D,E2,League1,1314,Peterboro
D,.,:,.,.,:,.,:,:,D,.,.,:,:,.,:,:,.,:,D,.,:,:,.,.,:,.,.,:,D,.,.,.,:,.,D,:,.,D,:,:,.,:,.,.,D,E2,League1,1314,Port Vale
D,D,D,D,:,:,:,:,:,.,.,:,D,:,D,:,D,:,:,D,.,:,:,:,.,D,D,:,:,D,D,:,D,:,:,D,D,.,:,:,D,:,.,:,:,.,E2,League1,1314,Preston
D,D,:,D,:,:,:,D,.,:,.,.,D,.,D,:,D,:,:,:,D,:,.,.,:,:,D,:,:,:,:,D,:,D,:,D,:,:,:,:,.,D,.,:,D,:,E2,League1,1314,Rotherham
:,.,D,.,.,.,.,.,.,D,.,:,D,:,.,.,:,D,D,:,D,D,:,.,.,D,.,:,:,:,:,:,:,:,D,.,:,.,D,D,:,:,D,:,D,:,E2,League1,1314,Sheffield United
D,.,:,D,D,D,D,.,.,D,:,.,D,.,:,.,:,.,:,.,D,.,.,:,.,.,.,.,D,.,D,:,D,.,D,D,.,:,D,.,:,.,.,.,.,D,E2,League1,1314,Shrewsbury
.,.,.,:,D,D,.,.,.,.,:,.,:,:,.,.,:,.,.,D,D,.,.,.,:,.,:,.,.,.,:,:,D,:,D,D,.,.,D,D,.,.,.,.,:,.,E2,League1,1314,Stevenage
.,:,.,D,:,D,.,:,.,:,:,:,.,.,:,:,.,D,:,.,:,.,D,:,.,.,:,D,.,:,D,.,D,D,.,.,D,:,:,:,.,:,:,:,.,.,E2,League1,1314,Swindon
.,D,.,.,:,D,.,.,.,.,:,.,D,:,D,D,:,.,:,.,.,:,.,D,D,.,:,.,:,.,D,:,D,.,.,:,.,.,D,:,:,.,.,D,.,.,E2,League1,1314,Tranmere
:,:,D,.,.,:,:,D,D,.,D,:,:,.,.,:,D,D,.,:,:,.,D,:,D,:,D,:,D,.,D,.,.,.,.,D,D,D,:,:,.,.,D,D,.,.,E2,League1,1314,Walsall
D,:,:,:,:,:,.,:,:,:,D,:,:,:,D,:,D,:,.,.,D,:,D,D,.,:,:,:,:,:,:,:,:,:,D,.,:,:,:,D,:,:,:,:,D,:,E2,League1,1314,Wolves
D,D,D,.,:,D,D,.,.,.,.,:,:,D,:,:,:,:,D,D,:,:,:,:,D,D,.,:,:,:,:,:,.,.,.,.,.,:,:,:,:,:,:,:,:,D,E2,League1,1213,Bournemouth
D,.,:,D,:,.,D,:,D,D,:,D,.,:,D,:,:,D,:,:,:,:,:,D,D,:,.,D,.,D,:,D,:,:,.,.,:,:,:,.,D,:,:,D,D,.,E2,League1,1213,Brentford
D,.,D,.,.,D,.,.,D,.,.,D,.,:,D,:,:,.,:,D,.,.,D,D,.,.,D,D,:,D,.,.,.,:,.,.,.,:,.,D,.,.,.,:,D,:,E2,League1,1213,Bury
D,.,:,.,:,D,D,:,.,:,.,D,.,:,.,D,.,.,.,:,.,.,:,:,.,.,:,D,:,:,.,D,D,.,.,D,:,.,D,D,D,:,:,D,.,.,E2,League1,1213,Carlisle
D,D,D,.,.,.,D,.,:,:,.,:,:,:,D,.,.,:,.,.,.,.,.,.,.,.,.,:,:,.,:,.,.,:,:,D,.,D,:,.,D,:,.,.,D,:,E2,League1,1213,Colchester
D,D,D,.,.,.,.,.,:,D,:,D,.,.,:,:,.,:,:,D,:,:,D,:,:,.,.,:,:,D,:,.,:,.,:,.,:,D,:,.,:,.,D,.,.,D,E2,League1,1213,Coventry
:,.,:,:,.,:,D,.,:,:,.,:,:,:,D,.,D,D,.,.,D,:,.,:,.,:,.,D,.,D,:,.,:,D,D,D,D,:,D,.,D,:,:,.,:,D,E2,League1,1213,Crawley Town
.,:,.,:,D,D,D,D,.,.,:,.,D,:,.,:,:,.,D,:,:,:,.,:,:,.,D,.,:,D,.,:,.,.,:,D,:,.,D,:,.,.,.,.,:,:,E2,League1,1213,Crewe
:,:,.,.,:,D,D,:,.,:,D,:,:,:,.,.,:,:,:,:,D,.,:,:,D,:,:,:,.,.,D,D,D,:,:,.,:,D,:,.,:,:,.,:,.,:,E2,League1,1213,Doncaster
D,.,:,.,D,.,D,.,.,.,D,.,.,.,D,.,.,.,.,D,.,.,.,:,.,D,.,:,:,D,D,:,:,:,.,D,D,.,.,D,.,.,:,:,D,D,E2,League1,1213,Hartlepool
.,.,.,:,:,:,D,.,:,.,.,:,.,.,.,.,:,:,:,:,:,.,:,.,D,.,D,:,D,:,:,.,.,D,:,D,:,:,:,D,.,:,.,:,:,D,E2,League1,1213,Leyton Orient
:,D,.,:,.,:,D,:,:,D,D,D,.,.,:,:,:,:,D,:,.,:,.,.,:,D,.,.,.,D,D,D,D,:,D,.,:,.,:,:,D,:,.,:,.,:,E2,League1,1213,Milton Keynes Dons
:,:,.,:,:,D,D,:,D,.,.,:,:,D,.,:,D,D,D,:,D,.,D,.,D,:,.,:,.,.,D,D,:,D,:,D,D,.,:,D,.,.,.,:,:,D,E2,League1,1213,Notts County
.,D,.,:,D,D,.,.,:,:,D,:,.,D,.,.,.,:,:,.,:,.,.,.,.,D,.,.,.,.,:,:,:,.,.,.,:,D,D,.,.,:,:,:,.,D,E2,League1,1213,Oldham
D,D,.,.,:,.,.,.,:,:,D,:,:,.,.,.,.,.,.,D,D,D,.,.,.,.,.,.,.,.,.,D,D,.,D,:,:,.,D,:,D,:,D,.,:,.,E2,League1,1213,Portsmouth
D,.,D,:,:,.,:,.,:,:,.,D,.,:,D,D,:,D,D,.,.,D,D,D,.,:,.,D,.,.,.,:,D,D,:,:,.,D,D,.,:,:,D,:,.,D,E2,League1,1213,Preston
.,.,.,.,D,:,D,:,.,.,.,D,D,.,.,:,:,D,.,.,.,:,.,.,D,D,:,D,.,:,:,:,.,.,:,.,.,.,.,:,.,.,D,.,:,:,E2,League1,1213,Scunthorpe
:,D,D,:,D,D,D,:,D,:,:,D,:,:,:,D,.,:,D,.,:,D,:,:,.,D,.,D,.,:,:,:,:,D,:,D,.,:,D,D,.,:,D,.,.,D,E2,League1,1213,Sheffield United
.,:,D,D,.,.,:,D,.,D,.,:,.,.,D,.,.,:,D,.,D,:,D,D,D,:,D,D,.,D,:,.,:,:,.,.,.,:,D,D,:,.,.,D,:,:,E2,League1,1213,Shrewsbury
D,:,:,D,:,D,:,D,D,:,:,.,:,:,.,:,.,.,D,D,:,.,.,.,:,.,.,:,.,.,.,.,.,.,:,.,.,:,.,.,D,:,D,.,.,.,E2,League1,1213,Stevenage
D,:,:,.,.,D,:,:,:,.,:,D,D,.,:,D,:,:,.,.,D,:,:,:,:,D,:,D,D,:,D,:,D,.,:,D,.,:,D,D,.,.,.,:,:,.,E2,League1,1213,Swindon
:,:,D,:,D,:,:,:,D,:,:,:,.,.,D,:,:,.,D,D,D,D,.,:,:,:,:,.,:,.,.,.,.,:,D,.,:,.,.,:,.,.,.,.,.,D,E2,League1,1213,Tranmere
.,D,:,D,:,:,.,:,:,.,.,.,D,.,D,.,.,D,D,D,.,D,:,:,.,:,:,:,:,.,:,:,D,D,:,:,D,:,D,D,D,:,D,D,D,.,E2,League1,1213,Walsall
D,:,:,:,.,.,.,.,.,.,:,.,:,:,:,.,:,.,:,.,D,D,:,.,:,:,:,:,:,:,:,:,D,.,:,D,D,.,D,D,:,:,:,.,:,.,E2,League1,1213,Yeovil
.,:,.,.,.,.,.,:,:,.,D,D,D,.,D,:,:,:,D,:,.,D,:,:,D,:,:,.,:,D,.,.,.,.,.,D,:,.,D,D,.,:,.,D,D,:,E2,League1,1112,Bournemouth
:,.,:,:,.,:,:,D,.,:,.,D,D,D,.,:,D,.,:,:,D,D,D,.,D,D,.,:,.,:,D,.,:,.,.,.,:,:,:,:,:,D,D,.,.,:,E2,League1,1112,Brentford
D,.,:,:,.,.,.,.,.,D,:,:,.,:,D,.,:,:,:,.,D,:,.,:,.,:,.,D,D,.,.,D,.,D,.,.,.,D,D,:,.,:,:,:,D,.,E2,League1,1112,Bury
.,:,D,:,:,.,.,:,.,:,D,D,:,.,:,D,D,.,:,:,D,D,D,:,:,D,.,:,D,.,:,.,:,:,D,D,D,:,:,D,D,.,.,.,:,.,E2,League1,1112,Carlisle
:,:,:,D,:,D,:,:,:,D,:,D,.,:,:,:,:,:,:,D,D,:,.,:,:,:,:,D,:,D,D,:,:,:,.,.,D,:,.,:,:,:,:,:,D,:,E2,League1,1112,Charlton
.,D,.,.,.,D,:,:,:,.,.,.,.,.,D,.,D,.,.,.,D,.,D,D,.,D,:,:,.,D,:,.,.,:,D,D,D,.,.,.,.,:,:,:,.,.,E2,League1,1112,Chesterfield
:,D,.,.,:,D,D,D,.,:,:,D,D,.,D,:,D,.,.,:,:,.,:,.,D,.,:,:,.,D,D,:,:,D,D,D,D,D,.,D,D,.,D,D,:,.,E2,League1,1112,Colchester
D,.,.,.,:,.,.,D,.,.,:,.,.,:,:,D,D,D,:,.,D,.,.,D,:,D,D,.,.,:,.,:,.,D,.,.,.,.,.,D,.,:,.,:,.,D,E2,League1,1112,Exeter
D,D,D,D,:,:,:,:,:,.,.,.,:,.,.,D,:,.,.,.,.,:,.,.,:,D,D,:,D,.,:,.,:,D,.,D,D,.,:,.,D,D,.,D,:,.,E2,League1,1112,Hartlepool
D,D,D,:,:,D,:,:,D,D,:,:,:,:,D,:,D,:,.,.,D,:,D,D,:,:,:,D,D,.,:,D,D,:,D,D,:,:,.,:,.,.,.,:,D,:,E2,League1,1112,Huddersfield
.,.,.,.,.,D,D,.,.,D,:,:,:,D,D,:,D,D,.,:,:,.,:,:,.,D,:,.,:,.,D,D,.,.,:,.,.,:,.,.,.,.,.,D,.,:,E2,League1,1112,Leyton Orient
D,:,:,:,:,:,.,D,D,D,:,.,D,D,.,:,:,:,:,:,.,:,D,:,D,.,D,D,.,:,:,:,D,.,:,D,:,D,.,.,D,:,:,:,:,.,E2,League1,1112,Milton Keynes Dons
:,.,:,.,.,:,:,D,:,:,.,:,:,D,D,.,D,.,:,.,.,.,.,D,.,D,D,:,:,.,:,:,:,:,D,:,.,.,D,:,:,:,D,.,:,:,E2,League1,1112,Notts County
.,.,:,:,.,D,D,:,:,.,.,:,.,:,D,D,.,:,D,.,D,.,:,D,.,D,:,.,:,D,:,.,.,.,.,:,:,.,.,.,.,.,D,D,D,:,E2,League1,1112,Oldham
.,D,:,:,:,:,:,:,:,.,.,.,.,D,.,.,.,.,:,D,:,D,.,D,:,.,D,.,:,.,D,.,D,D,.,:,D,D,.,.,D,D,:,D,D,.,E2,League1,1112,Preston
.,D,D,.,.,.,:,:,.,.,:,D,D,.,D,.,.,:,.,.,D,D,D,.,.,D,.,:,.,:,D,D,.,D,.,D,:,.,.,D,.,.,:,.,.,.,E2,League1,1112,Rochdale
D,D,.,D,.,D,D,.,D,:,:,.,D,D,D,:,.,.,.,.,D,.,D,:,D,D,.,:,:,.,D,.,:,:,D,D,D,D,D,:,:,D,.,.,D,D,E2,League1,1112,Scunthorpe
:,:,:,D,:,:,D,.,:,.,.,D,:,D,:,D,.,:,:,:,:,:,:,.,:,:,.,:,:,:,.,:,.,.,:,D,D,:,:,:,:,:,:,.,D,D,E2,League1,1112,Sheffield United
:,.,.,:,:,D,:,.,:,:,:,:,D,:,.,:,D,:,:,:,D,.,:,:,.,D,:,D,:,.,.,.,:,D,:,:,:,D,:,:,:,:,D,:,:,:,E2,League1,1112,Sheffield Weds
D,D,:,D,.,:,D,:,.,.,.,.,:,D,:,:,:,D,D,D,:,:,:,.,:,D,:,:,.,.,D,D,D,:,D,D,D,D,D,.,D,:,:,:,D,:,E2,League1,1112,Stevenage
:,:,.,D,:,D,.,.,:,.,D,D,:,:,:,.,D,.,.,.,.,:,.,D,.,D,.,D,.,D,D,.,.,D,:,:,D,:,:,.,:,.,:,D,.,D,E2,League1,1112,Tranmere
:,D,.,D,:,.,.,.,D,.,D,D,:,.,.,.,D,.,D,D,D,:,D,.,D,D,D,.,.,:,:,D,D,:,D,.,D,D,:,D,:,.,.,.,D,:,E2,League1,1112,Walsall
D,D,:,.,.,.,.,.,:,.,.,D,:,.,.,.,D,.,.,:,D,:,.,.,.,.,:,.,:,.,.,.,:,.,:,D,:,:,D,D,D,.,D,.,.,.,E2,League1,1112,Wycombe
.,:,.,D,.,D,.,:,.,.,.,D,.,D,D,.,D,D,:,:,D,.,.,D,.,:,.,:,.,:,:,.,:,:,:,D,:,.,.,D,:,.,.,D,:,.,E2,League1,1112,Yeovil
.,:,:,D,D,:,.,:,:,.,D,:,D,.,D,:,D,:,.,.,:,:,:,.,D,:,:,:,D,:,D,D,:,:,.,.,.,D,D,.,.,:,D,:,D,.,E2,League1,1011,Bournemouth
.,.,D,.,:,D,D,.,.,:,.,:,:,:,D,.,:,:,:,:,.,.,.,D,.,.,.,:,D,:,:,D,.,.,:,.,:,:,:,.,.,:,D,D,.,D,E2,League1,1011,Brentford
:,D,.,:,:,D,:,:,:,D,D,:,:,:,:,.,D,D,.,D,:,:,:,.,:,D,:,:,:,.,:,:,:,:,:,:,:,:,D,:,:,:,.,D,.,D,E2,League1,1011,Brighton
.,:,D,.,D,D,:,:,.,:,.,:,D,D,.,.,D,D,.,.,.,D,.,D,:,.,.,.,.,.,:,.,.,.,:,.,:,D,:,:,.,.,D,.,D,.,E2,League1,1011,Bristol Rvs
:,D,:,D,D,:,D,.,:,.,:,.,.,D,:,:,.,D,.,D,.,:,:,D,.,.,.,:,:,D,.,:,.,:,.,D,:,.,.,.,D,:,:,.,.,.,E2,League1,1011,Carlisle
:,:,D,.,.,:,D,D,:,.,D,.,:,:,:,:,:,D,.,D,D,.,D,:,:,:,:,.,.,.,.,D,.,.,.,D,D,.,:,.,D,.,D,:,.,D,E2,League1,1011,Charlton
D,D,:,D,:,D,D,:,D,D,.,D,:,:,:,.,:,.,D,D,.,:,D,.,:,.,.,:,.,:,D,.,:,.,.,.,.,:,:,.,:,.,D,D,.,:,E2,League1,1011,Colchester
.,.,D,:,.,.,D,D,D,:,.,D,.,D,.,:,.,.,:,.,.,.,:,.,:,D,:,.,D,.,:,:,D,:,D,D,.,.,.,:,.,.,.,.,:,.,E2,League1,1011,Dag and Red
D,D,.,:,:,D,D,:,.,:,.,:,.,.,.,:,:,D,.,:,.,.,D,D,:,D,.,.,:,:,D,.,D,.,:,:,.,.,:,:,:,:,:,.,:,:,E2,League1,1011,Exeter
D,D,:,.,.,.,D,:,.,:,:,.,D,D,:,.,:,:,:,:,.,.,D,.,D,.,:,.,:,.,D,:,.,:,.,:,.,.,.,D,:,.,D,.,D,D,E2,League1,1011,Hartlepool
:,D,.,:,D,:,:,.,.,.,:,:,.,:,:,.,.,:,:,.,.,D,:,:,:,D,:,:,D,D,D,D,:,D,:,:,:,D,:,:,D,:,:,:,:,D,E2,League1,1011,Huddersfield
.,.,D,:,.,.,.,:,D,D,.,:,D,:,.,:,D,D,:,.,:,D,:,D,D,D,:,:,:,D,:,:,:,:,.,D,.,.,:,.,D,.,:,:,.,:,E2,League1,1011,Leyton Orient
:,.,:,:,.,:,D,.,.,D,:,.,:,.,:,:,.,.,.,:,:,.,D,:,.,:,D,:,D,D,.,:,D,:,:,:,:,:,D,.,:,:,.,.,:,:,E2,League1,1011,Milton Keynes Dons
.,.,:,D,:,.,:,.,:,.,.,:,.,.,.,.,:,:,D,:,:,D,.,D,D,.,:,:,D,.,.,:,.,.,.,.,.,.,.,.,.,:,:,D,.,D,E2,League1,1011,Notts County
:,:,D,D,D,.,:,.,D,D,:,D,.,:,:,:,D,D,.,.,:,.,:,:,D,D,:,D,D,.,.,D,.,.,.,.,.,.,D,:,D,D,.,D,:,.,E2,League1,1011,Oldham
:,.,:,:,.,:,D,:,.,:,.,:,.,.,:,.,.,D,:,D,:,:,.,:,.,:,D,.,:,:,D,:,:,:,:,:,.,D,D,:,D,:,.,D,D,:,E2,League1,1011,Peterboro
:,D,.,.,D,:,.,D,:,.,D,.,:,.,:,.,.,:,:,D,D,:,.,.,.,:,.,.,.,.,.,.,:,:,:,.,D,.,.,:,.,:,:,.,.,.,E2,League1,1011,Plymouth
D,D,.,:,:,:,D,D,:,.,.,.,:,.,.,D,D,D,.,:,:,:,D,D,:,D,D,:,:,D,.,.,.,:,:,:,:,D,:,.,:,.,.,.,D,:,E2,League1,1011,Rochdale
:,D,:,:,.,.,.,.,D,:,:,:,D,.,.,:,:,:,.,:,.,.,D,.,D,.,D,.,.,D,:,.,:,.,.,.,D,.,:,:,.,:,D,:,D,.,E2,League1,1011,Sheffield Weds
.,D,:,.,.,.,D,:,D,:,:,.,:,:,:,.,:,D,.,:,:,:,:,D,.,:,D,:,D,:,.,:,:,:,:,D,:,:,:,.,:,:,:,:,:,:,E2,League1,1011,Southampton
.,D,D,.,D,:,:,:,.,.,:,.,D,D,.,:,D,.,:,D,.,:,.,.,.,D,D,.,D,.,.,.,.,D,.,D,D,.,.,D,:,.,.,.,.,:,E2,League1,1011,Swindon
.,D,.,D,:,.,D,.,:,D,.,.,:,:,.,:,:,.,.,.,:,D,.,:,D,D,:,:,.,.,.,D,D,.,.,:,D,.,.,:,:,.,D,:,:,.,E2,League1,1011,Tranmere
.,:,:,.,.,.,.,.,D,.,:,D,.,.,.,.,:,.,:,.,.,D,D,.,.,D,:,D,:,.,:,.,D,:,D,.,D,:,D,.,:,.,D,D,:,.,E2,League1,1011,Walsall
:,.,.,D,.,:,.,.,D,:,:,.,.,D,.,.,.,.,D,D,:,:,:,.,D,:,:,.,.,.,:,.,D,.,D,:,:,:,.,.,:,D,D,D,:,:,E2,League1,1011,Yeovil
:,D,:,D,D,.,D,.,.,:,.,D,.,:,.,D,D,.,:,.,D,:,:,D,:,.,D,:,D,.,D,D,.,:,D,:,:,D,D,:,D,D,:,D,.,D,E2,League1,0910,Brentford
.,D,.,.,D,:,:,.,D,.,D,:,.,.,D,:,.,.,.,:,.,.,D,:,:,D,.,D,D,.,D,:,:,D,.,:,:,:,D,.,.,D,:,:,D,:,E2,League1,0910,Brighton
.,:,:,:,.,:,:,:,D,:,.,.,.,.,.,:,:,.,:,.,:,.,.,D,:,.,.,D,.,:,.,:,:,:,D,.,:,:,.,:,.,.,D,.,.,.,E2,League1,0910,Bristol Rvs
.,D,:,.,D,:,.,.,D,D,D,.,.,:,:,.,.,:,:,D,:,D,.,D,:,D,.,D,:,.,.,.,:,D,.,:,:,D,:,.,:,.,.,.,D,:,E2,League1,0910,Carlisle
:,:,:,:,:,:,D,D,:,.,D,D,:,D,.,:,D,:,:,:,:,D,D,D,:,:,.,D,D,D,.,:,.,:,:,.,D,D,:,:,.,:,.,D,:,:,E2,League1,0910,Charlton
:,:,:,.,.,D,D,:,D,:,:,:,D,:,.,D,D,:,.,:,:,:,:,.,D,:,.,:,:,D,:,:,.,D,.,.,D,D,.,.,:,.,.,D,.,:,E2,League1,0910,Colchester
.,D,D,:,.,.,D,:,.,D,:,.,.,D,:,D,:,D,.,.,.,:,.,D,.,:,.,.,D,D,.,.,.,D,D,:,D,:,:,D,D,D,.,D,D,:,E2,League1,0910,Exeter
:,.,.,.,D,:,:,.,D,.,:,.,.,D,.,:,.,:,.,D,.,:,.,D,.,D,D,D,.,.,D,:,D,.,:,D,D,D,.,:,.,D,:,.,:,.,E2,League1,0910,Gillingham
D,.,.,:,.,:,D,.,:,D,.,D,:,:,D,:,.,.,.,:,.,D,.,:,.,.,.,D,.,D,.,:,.,:,.,D,.,.,:,:,.,:,:,.,D,D,E2,League1,0910,Hartlepool
D,:,:,.,:,:,D,.,D,.,.,:,.,:,:,:,:,.,D,D,:,.,:,:,D,:,D,D,D,:,:,:,D,.,.,.,:,D,:,:,.,:,:,:,:,.,E2,League1,0910,Huddersfield
:,:,:,:,:,:,D,:,:,D,D,:,.,:,:,:,:,:,D,D,:,:,:,D,.,.,:,D,D,.,D,:,D,D,:,.,.,.,.,:,:,:,.,:,.,:,E2,League1,0910,Leeds
:,.,.,D,D,.,D,.,:,.,:,.,:,.,D,.,:,.,:,.,.,D,D,.,:,:,D,:,D,D,.,D,D,.,.,:,.,.,.,.,D,:,:,.,:,.,E2,League1,0910,Leyton Orient
D,D,:,D,D,.,.,:,.,D,:,D,:,:,:,D,.,D,:,.,:,D,.,:,D,:,:,:,:,:,.,:,:,D,:,:,:,:,D,:,:,D,.,:,.,:,E2,League1,0910,Millwall
D,D,:,:,:,.,:,:,.,.,:,:,:,.,:,.,.,.,.,D,:,.,:,.,:,:,.,D,:,.,:,.,.,:,:,D,.,D,.,.,D,D,.,.,D,.,E2,League1,0910,Milton Keynes Dons
.,D,.,:,:,D,.,D,D,:,:,:,.,:,:,:,D,:,:,:,D,:,:,:,:,:,:,:,:,.,:,.,:,:,:,:,D,:,.,:,D,.,:,:,:,.,E2,League1,0910,Norwich
D,:,.,D,D,.,.,:,:,:,D,D,.,:,.,.,D,.,.,.,:,D,.,D,.,:,.,:,.,.,.,D,:,D,:,.,.,:,.,:,D,:,D,D,.,.,E2,League1,0910,Oldham
D,.,.,D,D,D,D,:,D,.,:,:,:,:,D,.,D,:,:,:,:,.,:,.,D,D,:,D,:,D,:,:,.,:,.,:,:,D,:,:,:,:,D,:,.,:,E2,League1,0910,Southampton
D,D,D,D,.,:,D,:,.,.,:,.,:,.,:,.,:,.,.,.,:,.,.,:,.,D,.,D,.,D,.,.,.,.,D,D,:,.,D,.,.,D,.,D,:,.,E2,League1,0910,Southend
D,.,.,:,D,.,D,:,D,D,.,:,.,.,.,.,.,.,.,.,.,.,.,.,D,D,.,.,D,:,.,:,.,.,D,.,.,.,D,.,.,.,.,.,.,.,E2,League1,0910,Stockport
.,D,:,D,:,:,D,D,D,D,:,D,.,.,:,:,:,:,.,:,D,:,:,:,:,D,D,:,D,:,:,D,.,.,:,:,D,:,:,:,.,D,D,D,:,.,E2,League1,0910,Swindon
.,:,.,.,.,.,.,.,D,:,.,.,:,.,.,.,.,:,D,:,.,:,D,D,.,:,D,.,:,D,:,.,:,.,D,D,.,:,.,.,.,:,.,D,:,:,E2,League1,0910,Tranmere
:,D,.,.,D,D,:,D,.,:,D,.,:,.,:,:,D,:,:,.,.,D,.,.,D,D,D,:,.,:,:,.,.,D,.,:,.,.,D,:,:,.,D,:,D,:,E2,League1,0910,Walsall
.,.,D,.,:,.,D,.,D,.,.,.,D,D,.,.,:,:,.,:,.,D,.,.,.,D,.,D,:,.,D,:,D,.,D,D,D,D,.,.,:,:,:,D,.,:,E2,League1,0910,Wycombe
:,.,D,D,.,.,D,.,:,D,D,D,:,:,.,:,D,.,.,D,D,D,:,.,.,:,.,.,:,D,.,.,:,:,.,:,.,.,D,.,:,D,.,D,:,.,E2,League1,0910,Yeovil
:,D,:,D,.,D,.,D,D,.,D,D,.,:,:,.,.,.,D,.,.,.,:,.,D,D,:,.,.,:,D,.,.,.,:,.,.,D,.,:,.,:,:,:,D,:,E2,League1,0809,Brighton
.,D,:,D,.,.,.,D,D,:,:,D,:,:,.,.,D,D,.,:,.,.,D,:,D,:,.,:,:,.,:,D,D,:,:,D,.,:,.,.,:,.,:,.,.,:,E2,League1,0809,Bristol Rvs
:,:,D,:,:,.,.,.,.,.,D,.,.,.,.,:,:,.,D,.,.,:,D,:,:,.,D,.,D,:,.,.,D,:,D,.,D,.,.,D,D,D,.,D,D,:,E2,League1,0809,Carlisle
.,:,.,.,.,.,:,.,D,D,:,.,.,.,.,.,.,D,:,:,D,D,.,.,D,.,.,.,.,.,.,.,D,.,:,:,D,D,D,.,D,:,:,D,.,.,E2,League1,0809,Cheltenham
.,D,:,D,.,.,:,.,.,.,:,.,:,D,.,.,:,:,.,:,D,:,:,D,:,D,:,:,.,.,.,:,D,D,:,:,.,D,.,:,.,.,.,:,.,:,E2,League1,0809,Colchester
.,.,:,.,.,:,.,D,.,.,D,.,.,D,.,.,.,.,.,:,D,.,:,:,.,.,:,.,:,:,:,:,.,:,D,:,D,.,D,.,D,D,D,.,.,.,E2,League1,0809,Crewe
:,.,.,:,.,:,D,.,D,.,:,:,:,:,.,.,.,D,D,D,:,.,.,.,:,D,.,D,D,.,D,.,:,D,:,.,.,.,.,.,:,D,.,:,.,.,E2,League1,0809,Hartlepool
.,.,.,:,D,.,.,.,D,.,D,:,.,.,.,:,.,.,:,D,.,D,.,:,D,.,.,:,:,.,:,.,.,.,.,.,:,.,.,.,.,.,.,D,.,.,E2,League1,0809,Hereford
D,D,.,.,:,.,:,D,.,:,D,.,.,D,:,:,:,.,:,:,:,.,:,D,D,:,.,.,:,D,:,.,D,D,.,D,.,D,:,:,.,:,:,:,D,D,E2,League1,0809,Huddersfield
:,.,D,D,:,:,:,:,.,:,.,:,:,.,:,.,:,.,.,.,.,D,:,.,:,:,:,.,:,.,.,:,:,D,D,:,:,:,:,:,D,:,.,:,:,:,E2,League1,0809,Leeds
:,D,:,:,.,:,:,:,:,D,D,D,.,:,:,D,:,:,:,:,:,D,:,:,:,:,D,:,:,D,D,D,:,D,D,:,.,:,D,.,D,:,:,:,D,:,E2,League1,0809,Leicester
:,.,D,D,:,.,.,.,D,.,.,.,D,.,:,:,D,:,D,.,D,.,.,.,.,D,.,:,.,D,:,:,.,.,:,:,:,.,:,:,D,:,:,.,.,D,E2,League1,0809,Leyton Orient
.,D,D,:,:,:,:,:,.,:,:,:,.,:,.,:,D,:,:,:,D,.,D,:,:,.,.,D,D,.,:,.,:,:,:,.,:,:,:,.,:,.,:,.,:,.,E2,League1,0809,Millwall
.,:,:,.,:,.,:,.,:,:,D,.,:,:,:,:,:,:,.,:,:,:,:,D,.,D,.,:,:,:,D,D,D,D,:,.,D,D,.,:,:,:,:,.,:,:,E2,League1,0809,Milton Keynes Dons
:,.,D,.,D,D,.,D,:,:,:,.,D,.,.,:,:,.,D,D,:,.,D,D,.,:,.,.,.,.,D,:,D,.,.,:,.,D,.,.,.,:,D,:,.,.,E2,League1,0809,Northampton
:,:,:,D,:,:,D,D,.,:,D,.,.,:,.,:,:,:,D,D,D,:,D,D,:,.,:,.,D,D,:,D,.,:,D,.,.,.,D,.,.,D,D,.,D,:,E2,League1,0809,Oldham
.,:,.,.,:,D,D,:,:,:,D,D,:,D,:,:,:,D,:,D,.,:,:,:,D,.,:,.,:,.,D,:,:,.,:,:,:,:,:,:,:,D,.,:,:,D,E2,League1,0809,Peterboro
.,.,:,:,:,:,:,:,D,:,:,D,:,.,D,:,.,.,:,D,D,:,.,:,.,:,:,:,.,.,.,.,D,:,.,D,:,:,:,.,:,.,D,D,:,D,E2,League1,0809,Scunthorpe
:,D,.,.,.,:,:,:,:,D,:,D,.,:,D,D,.,D,.,.,.,:,.,.,D,.,.,:,:,.,:,:,:,.,:,:,:,.,:,:,:,.,:,.,D,:,E2,League1,0809,Southend
D,D,:,.,:,D,D,D,:,D,.,:,:,D,:,.,:,:,.,:,:,.,.,D,:,.,.,:,.,D,:,:,.,D,D,.,:,.,.,.,D,.,.,.,:,.,E2,League1,0809,Stockport
:,.,.,:,D,.,D,.,D,.,.,:,:,D,D,D,D,.,D,.,.,:,.,D,.,:,D,D,D,:,.,.,D,D,.,.,:,:,:,.,D,:,.,D,:,D,E2,League1,0809,Swindon
.,:,.,:,.,:,D,.,:,.,:,:,:,D,.,D,.,:,:,.,:,D,:,.,:,:,.,D,:,.,D,D,:,.,D,:,:,.,:,D,:,:,:,.,D,D,E2,League1,0809,Tranmere
D,:,.,:,.,:,:,:,D,.,.,D,.,:,:,.,.,:,.,.,D,:,.,.,D,.,:,.,D,D,:,:,:,D,.,D,.,:,:,D,.,.,:,.,:,.,E2,League1,0809,Walsall
D,:,D,.,.,D,D,.,.,.,:,D,D,:,.,.,:,.,D,.,:,D,D,.,.,:,:,:,:,.,D,.,.,D,.,.,D,:,:,D,:,.,.,D,D,.,E2,League1,0809,Yeovil
